
/*******************************
--------------------------------
-- DATA FOR DOCUMENT SECTION ---
--------------------------------
*********************************/

INSERT INTO
  documents (id_doc,title_en,title_es,title_fr,source,description_en,description_es,description_fr,doc_link,img_link,highlight,topic_id)
VALUES
(1,'','Conservación y desarrollo sostenible del mar de Alborán','','UICN','','Este documento que tienes entre tus manos, es un proceso, un viaje de cooperación científico, social y ambiental por el Mar de Alborán. El trayecto cooperativo que ha llevado a este informe se ha prolongado durante casi tres años, lo que ha permitido enriquecer el producto final, el proceso y a cada uno de los participantes con nuevas propuestas, ideas y proyectos.
Esperamos que con este proceso que empezó en 2007, cuando unos cuantos expertos, instituciones, entidades españolas y marroquíes (las argelinas se fueron incorporando más lentamente), se embarcaron en la elaboración de este documento Conservación y desarrollo sostenible del mar de Alborán y que se
ha ido perfi lando y actualizando con los datos aportados, estemos más cerca de identificar los elementos estratégicos para la futura gestión de esta ecoregión.','','https://portals.iucn.org/library/efiles/edocs/2010-021.pdf','doc1.jpg',true,3),
(2,'','Propuesta de una red representativa de áreas marinas protegidas en el mar de Alborán','','UICN','','Parte de los sitios prioritarios seleccionados han sido identificados anteriormente por los países de la zona u organizaciones que trabajan en dicho entorno (ej: Zonas SIBE en Marruecos o las propuestas de WWF-España, Oceana y CAR/AEP). El análisis de todos estos espacios en el conjunto de la Red ha permitido examinar los vacíos en la representatividad de los ecosistemas del mar de Alborán, revisar la información existente y realizar nuevas propuestas para la conservación de esta rica biodiversidad.
El informe además presenta un conjunto de mapas de síntesis que permiten visualizar las amenazas y los posibles conflictos de que se pueden estar generando en la región. Asimismo, se identifica la necesidad de un mayor desarrollo de los criterios socio-económicos para valorar la aceptación social a nivel local e impulsar su implementación.
Este proyecto ha sigo posible gracias a la financiación de la Fundación MAVA, la Fundación Total y la Agencia Española de Cooperación Internacional para el Desarrollo (AECID).','','https://cmsdata.iucn.org/downloads/medras_alboran_esp_fra_1.pdf','doc2.jpg',false,5),
(3,'','Espacio Marino de Alborán. Áreas de estudio del proyecto LIFE+ INDEMARES','','MAGRAMA','','Esta monografía resume los resultados obtenidos durante los estudios realizados en la plataforma insular de la isla de Alborán, en el marco del proyecto LIFE+ INDEMARES. Los objetivos de dichos estudios fueron caracterizar e identificar los principales hábitats y biocenosis o comunidades de esa zona, evaluar su estado de conservación y posibles amenazas, y proponer, sobre la base de la información obtenida, unas medidas de gestión que garanticen la conservación de la biodiversidad, mediante la identificación de espacios valiosos para la Red Natura 2000 por su singularidad y representatividad. Los trabajos realizados abarcan un área de estudio de 27.534,6 hectáreas, que comprende los fondos que rodean la isla de Alborán hasta la isóbata de 200 metros.Inicialmente, se abordó la identificación y clasificación de los hábitats del área de estudio mediante teledetección con sónar de barrido lateral. Así, se caracterizaron los diferentes geohábitats
 existentes en la plataforma sumergida de la isla de Alborán, para lo que se realizó una malla con un total de 180 líneas de transecto, cubriendo en total unos 1.900 kilómetros lineales. Como resultado, se obtuvo un levantamiento cartográfico detallado de la plataforma, caracterizando los diferentes fondos en función de su naturaleza sedimentológica y geológica y realizando planos que representan los distintos geohábitats detectados.','','http://digital.csic.es/bitstream/10261/123167/1/2014%20espacio%20marino%20de%20Alboran%20.pdf','doc3.jpg',false,2),
(4,'','Evaluación integrada del Medio Ambiente en la región Tánger-Tetuán. Las presiones sobre el medio ambiente.','','Ministerio de Energía, Minas, Agua y Medio Ambiente, Departamento de Medio Ambiente, Reino de Marruecos','','','','http://www.environnement.gov.ma/images/Mde_PDFs/Fr/Rapport_sur_Etat_de_l_Environnement_de_la_Region_de_Tanger_Tetouan.pdf','doc4.jpg',false,4),
(5,'','El Observatorio del Agua y el Medio Ambiente de Marruecos Oriental de la Universidad Mohammed Primero','','Universidad Mohammed Primero','','','','http://observatoire.fso.ump.ma/index.php','doc5.jpg',false,1),
(6,'','Informe nacional Argelia. 19ª reunión de la Comisión sobre el Desarrollo Sostenible Naciones Unidas (CDS-19)','','Naciones Unidas','','','','https://sustainabledevelopment.un.org/dsd_aofw_ni/ni_pdfs/NationalReports/algeria/full_report.pdf','doc6.jpg',false,1),
(7,'','Estrategia marina para la demarcación del Estrecho y Alborán','','MAGRAMA','','','','http://www.magrama.gob.es/es/costas/temas/proteccion-medio-marino/estrategias-marinas/demarcacion-estrecho-alboran/default.aspx','doc12.jpg',false,1),
(8,'','Una nueva era para la acuicultura en Marruecos','','Agencia Nacional para el Desarrollo de la Acuicultura  de Marruecos','','','','https://www.anda.gov.ma/sites/default/files/sites/default/files/publications/L_aquaculture_au_Maroc.pdf','doc13.jpg',false,3),
(9,'','Informe nacional de Argelia: “Vers un système de partage d’information sur l’environnement – Initiative SEIS”','','Agencia Europea de Medio Ambiente','','','','','doc14.jpg',false,1),
(10,'','Informe nacional de Marruecos: “Vers un système de partage d’information sur l’environnement – Initiative SEIS”','','Agencia Europea de Medio Ambiente','','','','','doc15.jpg',false,1),
(11,'','Cambio Climático en el Mediterráneo español','','Instituto Español de Oceanografía','','El Cambio Climático supone una amenaza para los océanos y sus ecosistemas, y el IEO tiene el firme propósito de abordar el análisis de este problema, fomentando la colaboración con otras instituciones. Este estudio debe servir tanto para aumentar nuestro conocimiento científico sobre el mar y su papel en el sistema climático planetario como para el asesoramiento a la administración y, de forma más general, a la divulgación científica en nuestra sociedad.
Con este propósito se presenta este informe sobre el cambio climático en el Mediterráneo, para el que se ha realizado un riguroso análisis científico de la información recogida por el propio IEO a través sus sistemas de observación marinos desde hace más de seis décadas. Además, se ha contado con la colaboración de otras instituciones como El Instituto de Ciencias del Mar (ICM/CSIC), Instituto Mediterráneo de Estudios Avanzados (IMEDEA/CSIC), Agencia Estatal de Meteorología (AEMET), Puertos del Estado (PE), Universidad de las Islas Baleares (UIB) y Universidad de Málaga (UMA). Estas instituciones han participado tanto aportando información recogida por sus propios sistemas de observación como participando en el análisis de dicha información, y proporcionando material de diversa índole que ha contribuido a completar el presente informe.','','http://www.ma.ieo.es/gcc/cambio_climatico_reedicion.pdf','doc16.jpg',false,1),
(12,'','Programa de Gestión Sostenible del Medio Marino Andaluz, 2015','','Junta de Anbdalucía','','','','','doc17.jpg',false,2)
;

INSERT INTO
  tags (id_tag,tag_en, tag_es, tag_fr)
VALUES
 (1,'sostenibilidad','sostenibilidad','sostenibilidad'),
 (2,'fauna marina','fauna marina','fauna marina'),
 (3,'posidonia','posidonia','posidonia'),
 (4,'áreas marinas protegidas','áreas marinas protegidas','áreas marinas protegidas'),
 (5,'recursos hídricos','recursos hídricos','recursos hídricos'),
 (6,'cambio climático','cambio climático','cambio climático'),
 (7,'ecosistemas','ecosistemas','ecosistemas'),
 (8,'planificación','planificación','planificación'),
 (9,'pesca','pesca','pesca'),
 (10,'acuicultura','acuicultura','acuicultura')
 ;

INSERT INTO
  doc_tags (id_tag,id_doc)
VALUES
 (1,1),
 (2,1),
 (1,2),
 (2,2),
 (7,3),
 (2,3),
 (1,4),
 (5,5),
 (1,6),
 (5,7),
 (8,7),
 (1,7),
 (10,8),
 (8,9),
 (8,10),
 (6,11),
 (10,12),
 (1,12)
 ;
